<?xml version="1.0" encoding="UTF-8"?>
<project-private xmlns="http://www.netbeans.org/ns/project-private/1">
    <editor-bookmarks xmlns="http://www.netbeans.org/ns/editor-bookmarks/2" lastBookmarkId="0"/>
    <open-files xmlns="http://www.netbeans.org/ns/projectui-open-files/2">
        <group>
            <file>file:/home/mussab/AdvancedProgramming/Encryption%20and%20Decryption/src/encryption/and/decryption/InsertUpdateDelete.java</file>
            <file>file:/home/mussab/AdvancedProgramming/Encryption%20and%20Decryption/src/encryption/and/decryption/CeaserCipherencryption.java</file>
            <file>file:/home/mussab/AdvancedProgramming/Encryption%20and%20Decryption/src/encryption/and/decryption/Menu.java</file>
            <file>file:/home/mussab/AdvancedProgramming/Encryption%20and%20Decryption/src/encryption/and/decryption/Registeration.java</file>
            <file>file:/home/mussab/AdvancedProgramming/Encryption%20and%20Decryption/src/encryption/and/decryption/ResetPassword.java</file>
            <file>file:/home/mussab/AdvancedProgramming/Encryption%20and%20Decryption/src/encryption/and/decryption/DecryptGUI.java</file>
            <file>file:/home/mussab/AdvancedProgramming/Encryption%20and%20Decryption/src/encryption/and/decryption/EncryptionGUI.java</file>
            <file>file:/home/mussab/AdvancedProgramming/Encryption%20and%20Decryption/src/encryption/and/decryption/Databaseconnection.java</file>
            <file>file:/home/mussab/AdvancedProgramming/Encryption%20and%20Decryption/src/encryption/and/decryption/AES_EncryptionMenu.java</file>
            <file>file:/home/mussab/AdvancedProgramming/Encryption%20and%20Decryption/src/encryption/and/decryption/ForgotPassword.java</file>
            <file>file:/home/mussab/AdvancedProgramming/Encryption%20and%20Decryption/src/encryption/and/decryption/GUI.java</file>
            <file>file:/home/mussab/AdvancedProgramming/Encryption%20and%20Decryption/src/encryption/and/decryption/CeaserCipherDecryption.java</file>
        </group>
    </open-files>
</project-private>
